title,link
,
Tutorials,
Exercises,
Certificates,
Services,
Menu,
Log in,
Sign Up,
Get Certified,
For Teachers,
Spaces,
Plus,
Get Certified,
For Teachers,
Spaces,
Plus,
LearnHTML,
LearnCSS,
LearnRWD,
LearnBootstrap,
LearnW3.CSS,
LearnSass,
LearnColors,
LearnIcons,
LearnSVG,
LearnCanvas,
LearnGraphics,
LearnCharacter Sets,
LearnHow To,
LearnAI,
LearnGenerative AI,
LearnChatGPT-3.5,
LearnChatGPT-4,
LearnGoogle Bard,
LearnMachine Learning,
LearnDSA,
LearnData Science,
LearnNumPy,
LearnPandas,
LearnSciPy,
LearnMatplotlib,
LearnStatistics,
LearnExcel,
LearnGoogle Sheets,
Create a WebsiteHOT!,
Create a ServerNEW,
Where To Start,
Web Templates,
Web Statistics,
Web Certificates,
Web Development,
Introduction to Programming,
Code Editor,
Test Your Typing Speed,
Play a Code Game,
Cyber Security,
Accessibility,
Join our Newsletter,
LearnJavaScript,
LearnReact,
LearnjQuery,
LearnVue,
LearnAngularJS,
LearnJSON,
LearnAJAX,
LearnAppML,
LearnW3.JS,
Create a WebsiteHOT!,
Create a ServerNEW,
Where To Start,
Web Templates,
Web Statistics,
Web Certificates,
Web Development,
Introduction to Programming,
Code Editor,
Test Your Typing Speed,
Play a Code Game,
Cyber Security,
Accessibility,
Join our Newsletter,
LearnPython,
LearnSQL,
LearnMySQL,
LearnPHP,
LearnJava,
LearnC,
LearnC++,
LearnC#,
LearnR,
LearnKotlin,
LearnGo,
LearnDjango,
LearnPostgreSQL,
LearnTypeScript,
LearnASP,
LearnNode.js,
LearnRaspberry Pi,
LearnGit,
LearnBash,
LearnMongoDB,
LearnXML,
LearnAI,
LearnGenerative AI,
LearnChatGPT-3.5,
LearnChatGPT-4,
LearnGoogle Bard,
LearnMachine Learning,
LearnDSA,
LearnData Science,
LearnNumPy,
LearnPandas,
LearnSciPy,
LearnMatplotlib,
LearnStatistics,
LearnExcel,
LearnGoogle Sheets,
Create a WebsiteHOT!,
Create a ServerNEW,
Where To Start,
Web Templates,
Web Statistics,
Web Certificates,
Web Development,
Introduction to Programming,
Code Editor,
Test Your Typing Speed,
Play a Code Game,
Cyber Security,
Accessibility,
Join our Newsletter,
HTML,
CSS,
Bootstrap 3,
Bootstrap 4,
Bootstrap 5,
DSA,
NumPy,
Pandas,
SciPy,
Excel,
What is an Exercise?,
What is a Quiz?,
JavaScript,
React,
jQuery,
Vue,
Python,
SQL,
MySQL,
PHP,
Java,
C,
C++,
C#,
R,
Kotlin,
Django,
PostgreSQL,
TypeScript,
Git,
Bash,
Go,
MongoDB,
DSA,
NumPy,
Pandas,
SciPy,
Excel,
What is an Exercise?,
What is a Quiz?,
HTML,
CSS,
Bootstrap 3,
Bootstrap 4,
Bootstrap 5,
DSA,
Data Analytics,
NumPy,
Pandas,
Excel,
Social Media,
What is a Certificate?,
Full AccessBest Value!,
Front End,
Web Dev.,
Web App,
Web Design,
JavaScript,
React,
jQuery,
Vue,
Full AccessBest Value!,
Front End,
Web Dev.,
Web App,
Web Design,
Full AccessBest Value!,
Front End,
Web Dev.,
Web App,
Web Design,
Python,
SQL,
MySQL,
PHP,
Java,
C,
C++,
C#,
R,
Django,
NodeJS,
TypeScript,
XML,
Cyber Security,
Accessibility,
DSA,
Data Analytics,
NumPy,
Pandas,
Excel,
Social Media,
What is a Certificate?,
,
